{"polyfill":["/polyfill-f9811c901d1132e72208.js"],"app":["/app-37159b27c31299089b99.js"],"component---src-pages-404-jsx":["/component---src-pages-404-jsx-f201269701709fab6a20.js"],"component---src-pages-index-en-jsx":["/component---src-pages-index-en-jsx-196ef5d3a021722cf231.js"],"component---src-pages-index-jsx":["/component---src-pages-index-jsx-3ab28b089f72f25262e9.js"],"component---src-pages-index-ru-jsx":["/component---src-pages-index-ru-jsx-e892936286ea6d5db624.js"],"component---src-pages-index-ua-jsx":["/component---src-pages-index-ua-jsx-ef0e37bfa4bec9df3399.js"]}