{"polyfill":["/polyfill-f9811c901d1132e72208.js"],"app":["/app-e02d478e14c7e3e643e1.js"],"component---src-pages-404-jsx":["/component---src-pages-404-jsx-f201269701709fab6a20.js"],"component---src-pages-index-en-jsx":["/component---src-pages-index-en-jsx-c5b76ec86d13a0bf5e2f.js"],"component---src-pages-index-jsx":["/component---src-pages-index-jsx-3ab28b089f72f25262e9.js"],"component---src-pages-index-ru-jsx":["/component---src-pages-index-ru-jsx-576d2842356412f5ef69.js"],"component---src-pages-index-ua-jsx":["/component---src-pages-index-ua-jsx-423613aaf6e8710bb301.js"]}