{"polyfill":["/polyfill-f9811c901d1132e72208.js"],"app":["/app-4bd590d64cd05512206a.js"],"component---src-pages-404-jsx":["/component---src-pages-404-jsx-74dd646f856542c3e223.js"],"component---src-pages-index-en-jsx":["/component---src-pages-index-en-jsx-e6d2af71327038ab0ca8.js"],"component---src-pages-index-jsx":["/component---src-pages-index-jsx-74d2dace478ba21a1c79.js"],"component---src-pages-index-ru-jsx":["/component---src-pages-index-ru-jsx-bcea90ac9535be0f5964.js"],"component---src-pages-index-ua-jsx":["/component---src-pages-index-ua-jsx-74d3baed4969742e20f9.js"],"component---src-templates-article-page-article-page-template-jsx":["/component---src-templates-article-page-article-page-template-jsx-663112ef125f6a303cc3.js"]}