{"name":"build-javascript","namedChunkGroups":{"polyfill":{"name":"polyfill","assets":[{"name":"webpack-runtime-511242967326833e4c31.js","size":4668},{"name":"polyfill-f9811c901d1132e72208.js","size":85848}],"filteredAssets":0,"assetsSize":90516,"filteredAuxiliaryAssets":2,"auxiliaryAssetsSize":226175},"app":{"name":"app","assets":[{"name":"webpack-runtime-511242967326833e4c31.js","size":4668},{"name":"framework-528548c62d9a2293f2f7.js","size":140552},{"name":"app-37159b27c31299089b99.js","size":63870}],"filteredAssets":0,"assetsSize":209090,"filteredAuxiliaryAssets":3,"auxiliaryAssetsSize":625798},"component---src-pages-404-jsx":{"name":"component---src-pages-404-jsx","assets":[{"name":"component---src-pages-404-jsx-f201269701709fab6a20.js","size":336}],"filteredAssets":0,"assetsSize":336,"filteredAuxiliaryAssets":1,"auxiliaryAssetsSize":499},"component---src-pages-index-en-jsx":{"name":"component---src-pages-index-en-jsx","assets":[{"name":"styles.b34deb74b0dcd58d75bd.css","size":162408},{"name":"ea88be26-6351b5e1a79338262f60.js","size":279319},{"name":"738ee0f74d7e84d275222ab7f8541e8d89edb1a3-57334972d7aefe85e12b.js","size":447771},{"name":"component---src-pages-index-en-jsx-196ef5d3a021722cf231.js","size":6999}],"filteredAssets":0,"assetsSize":896497,"filteredAuxiliaryAssets":95,"auxiliaryAssetsSize":15302336},"component---src-pages-index-jsx":{"name":"component---src-pages-index-jsx","assets":[{"name":"styles.b34deb74b0dcd58d75bd.css","size":162408},{"name":"component---src-pages-index-jsx-3ab28b089f72f25262e9.js","size":1066}],"filteredAssets":0,"assetsSize":163474,"filteredAuxiliaryAssets":11,"auxiliaryAssetsSize":202709},"component---src-pages-index-ru-jsx":{"name":"component---src-pages-index-ru-jsx","assets":[{"name":"styles.b34deb74b0dcd58d75bd.css","size":162408},{"name":"ea88be26-6351b5e1a79338262f60.js","size":279319},{"name":"738ee0f74d7e84d275222ab7f8541e8d89edb1a3-57334972d7aefe85e12b.js","size":447771},{"name":"component---src-pages-index-ru-jsx-e892936286ea6d5db624.js","size":28536}],"filteredAssets":0,"assetsSize":918034,"filteredAuxiliaryAssets":95,"auxiliaryAssetsSize":15324179},"component---src-pages-index-ua-jsx":{"name":"component---src-pages-index-ua-jsx","assets":[{"name":"styles.b34deb74b0dcd58d75bd.css","size":162408},{"name":"ea88be26-6351b5e1a79338262f60.js","size":279319},{"name":"738ee0f74d7e84d275222ab7f8541e8d89edb1a3-57334972d7aefe85e12b.js","size":447771},{"name":"component---src-pages-index-ua-jsx-ef0e37bfa4bec9df3399.js","size":28672}],"filteredAssets":0,"assetsSize":918170,"filteredAuxiliaryAssets":95,"auxiliaryAssetsSize":15324331}},"assetsByChunkName":{"polyfill":["webpack-runtime-511242967326833e4c31.js","polyfill-f9811c901d1132e72208.js"],"app":["webpack-runtime-511242967326833e4c31.js","framework-528548c62d9a2293f2f7.js","app-37159b27c31299089b99.js"],"component---src-pages-404-jsx":["component---src-pages-404-jsx-f201269701709fab6a20.js"],"component---src-pages-index-en-jsx":["styles.b34deb74b0dcd58d75bd.css","ea88be26-6351b5e1a79338262f60.js","738ee0f74d7e84d275222ab7f8541e8d89edb1a3-57334972d7aefe85e12b.js","component---src-pages-index-en-jsx-196ef5d3a021722cf231.js"],"component---src-pages-index-jsx":["styles.b34deb74b0dcd58d75bd.css","component---src-pages-index-jsx-3ab28b089f72f25262e9.js"],"component---src-pages-index-ru-jsx":["styles.b34deb74b0dcd58d75bd.css","ea88be26-6351b5e1a79338262f60.js","738ee0f74d7e84d275222ab7f8541e8d89edb1a3-57334972d7aefe85e12b.js","component---src-pages-index-ru-jsx-e892936286ea6d5db624.js"],"component---src-pages-index-ua-jsx":["styles.b34deb74b0dcd58d75bd.css","ea88be26-6351b5e1a79338262f60.js","738ee0f74d7e84d275222ab7f8541e8d89edb1a3-57334972d7aefe85e12b.js","component---src-pages-index-ua-jsx-ef0e37bfa4bec9df3399.js"]},"childAssetsByChunkName":{}}