{"name":"build-javascript","namedChunkGroups":{"polyfill":{"name":"polyfill","assets":[{"name":"webpack-runtime-e9bed0773b2aeba59437.js","size":4668},{"name":"polyfill-f9811c901d1132e72208.js","size":85848}],"filteredAssets":0,"assetsSize":90516,"filteredAuxiliaryAssets":2,"auxiliaryAssetsSize":226175},"app":{"name":"app","assets":[{"name":"webpack-runtime-e9bed0773b2aeba59437.js","size":4668},{"name":"framework-528548c62d9a2293f2f7.js","size":140552},{"name":"app-e02d478e14c7e3e643e1.js","size":64445}],"filteredAssets":0,"assetsSize":209665,"filteredAuxiliaryAssets":3,"auxiliaryAssetsSize":627697},"component---src-pages-404-jsx":{"name":"component---src-pages-404-jsx","assets":[{"name":"component---src-pages-404-jsx-f201269701709fab6a20.js","size":336}],"filteredAssets":0,"assetsSize":336,"filteredAuxiliaryAssets":1,"auxiliaryAssetsSize":499},"component---src-pages-index-en-jsx":{"name":"component---src-pages-index-en-jsx","assets":[{"name":"styles.592e23765246cc42ed33.css","size":170296},{"name":"ea88be26-6351b5e1a79338262f60.js","size":279319},{"name":"738ee0f74d7e84d275222ab7f8541e8d89edb1a3-f7543d1c6185246c38f1.js","size":453178},{"name":"component---src-pages-index-en-jsx-c5b76ec86d13a0bf5e2f.js","size":7191}],"filteredAssets":0,"assetsSize":909984,"filteredAuxiliaryAssets":95,"auxiliaryAssetsSize":15320653},"component---src-pages-index-jsx":{"name":"component---src-pages-index-jsx","assets":[{"name":"styles.592e23765246cc42ed33.css","size":170296},{"name":"component---src-pages-index-jsx-3ab28b089f72f25262e9.js","size":1066}],"filteredAssets":0,"assetsSize":171362,"filteredAuxiliaryAssets":11,"auxiliaryAssetsSize":202709},"component---src-pages-index-ru-jsx":{"name":"component---src-pages-index-ru-jsx","assets":[{"name":"styles.592e23765246cc42ed33.css","size":170296},{"name":"ea88be26-6351b5e1a79338262f60.js","size":279319},{"name":"738ee0f74d7e84d275222ab7f8541e8d89edb1a3-f7543d1c6185246c38f1.js","size":453178},{"name":"component---src-pages-index-ru-jsx-576d2842356412f5ef69.js","size":28728}],"filteredAssets":0,"assetsSize":931521,"filteredAuxiliaryAssets":95,"auxiliaryAssetsSize":15342496},"component---src-pages-index-ua-jsx":{"name":"component---src-pages-index-ua-jsx","assets":[{"name":"styles.592e23765246cc42ed33.css","size":170296},{"name":"ea88be26-6351b5e1a79338262f60.js","size":279319},{"name":"738ee0f74d7e84d275222ab7f8541e8d89edb1a3-f7543d1c6185246c38f1.js","size":453178},{"name":"component---src-pages-index-ua-jsx-423613aaf6e8710bb301.js","size":28864}],"filteredAssets":0,"assetsSize":931657,"filteredAuxiliaryAssets":95,"auxiliaryAssetsSize":15342648}},"assetsByChunkName":{"polyfill":["webpack-runtime-e9bed0773b2aeba59437.js","polyfill-f9811c901d1132e72208.js"],"app":["webpack-runtime-e9bed0773b2aeba59437.js","framework-528548c62d9a2293f2f7.js","app-e02d478e14c7e3e643e1.js"],"component---src-pages-404-jsx":["component---src-pages-404-jsx-f201269701709fab6a20.js"],"component---src-pages-index-en-jsx":["styles.592e23765246cc42ed33.css","ea88be26-6351b5e1a79338262f60.js","738ee0f74d7e84d275222ab7f8541e8d89edb1a3-f7543d1c6185246c38f1.js","component---src-pages-index-en-jsx-c5b76ec86d13a0bf5e2f.js"],"component---src-pages-index-jsx":["styles.592e23765246cc42ed33.css","component---src-pages-index-jsx-3ab28b089f72f25262e9.js"],"component---src-pages-index-ru-jsx":["styles.592e23765246cc42ed33.css","ea88be26-6351b5e1a79338262f60.js","738ee0f74d7e84d275222ab7f8541e8d89edb1a3-f7543d1c6185246c38f1.js","component---src-pages-index-ru-jsx-576d2842356412f5ef69.js"],"component---src-pages-index-ua-jsx":["styles.592e23765246cc42ed33.css","ea88be26-6351b5e1a79338262f60.js","738ee0f74d7e84d275222ab7f8541e8d89edb1a3-f7543d1c6185246c38f1.js","component---src-pages-index-ua-jsx-423613aaf6e8710bb301.js"]},"childAssetsByChunkName":{}}