{"name":"build-javascript","namedChunkGroups":{"polyfill":{"name":"polyfill","assets":[{"name":"webpack-runtime-5e3824e9df0d5d601adc.js","size":5678},{"name":"polyfill-f9811c901d1132e72208.js","size":85848}],"filteredAssets":0,"assetsSize":91526,"filteredAuxiliaryAssets":2,"auxiliaryAssetsSize":229075},"app":{"name":"app","assets":[{"name":"webpack-runtime-5e3824e9df0d5d601adc.js","size":5678},{"name":"framework-db48eec28a4fe8dec747.js","size":205458},{"name":"app-4bd590d64cd05512206a.js","size":78542}],"filteredAssets":0,"assetsSize":289678,"filteredAuxiliaryAssets":3,"auxiliaryAssetsSize":816544},"component---src-pages-404-jsx":{"name":"component---src-pages-404-jsx","assets":[{"name":"component---src-pages-404-jsx-74dd646f856542c3e223.js","size":342}],"filteredAssets":0,"assetsSize":342,"filteredAuxiliaryAssets":1,"auxiliaryAssetsSize":497},"component---src-pages-index-en-jsx":{"name":"component---src-pages-index-en-jsx","assets":[{"name":"styles.e3b016b29d0a38fefa12.css","size":171931},{"name":"ea88be26-6351b5e1a79338262f60.js","size":279319},{"name":"d02ee3001f6003e5599e234df4b85ef9b60c3b09-16aa58e49d6b69348b89.js","size":15197},{"name":"4e3ef9248c1c5668ced75f02ada7594f172c90d2-2591bd00d60655c4c8ba.js","size":425287},{"name":"738ee0f74d7e84d275222ab7f8541e8d89edb1a3-ecb94f2acdf20238d7a8.js","size":15632},{"name":"component---src-pages-index-en-jsx-e6d2af71327038ab0ca8.js","size":7363}],"filteredAssets":0,"assetsSize":914729,"filteredAuxiliaryAssets":97,"auxiliaryAssetsSize":15331006},"component---src-pages-index-jsx":{"name":"component---src-pages-index-jsx","assets":[{"name":"styles.e3b016b29d0a38fefa12.css","size":171931},{"name":"d02ee3001f6003e5599e234df4b85ef9b60c3b09-16aa58e49d6b69348b89.js","size":15197},{"name":"component---src-pages-index-jsx-74d2dace478ba21a1c79.js","size":1337}],"filteredAssets":0,"assetsSize":188465,"filteredAuxiliaryAssets":12,"auxiliaryAssetsSize":267407},"component---src-pages-index-ru-jsx":{"name":"component---src-pages-index-ru-jsx","assets":[{"name":"styles.e3b016b29d0a38fefa12.css","size":171931},{"name":"ea88be26-6351b5e1a79338262f60.js","size":279319},{"name":"d02ee3001f6003e5599e234df4b85ef9b60c3b09-16aa58e49d6b69348b89.js","size":15197},{"name":"4e3ef9248c1c5668ced75f02ada7594f172c90d2-2591bd00d60655c4c8ba.js","size":425287},{"name":"738ee0f74d7e84d275222ab7f8541e8d89edb1a3-ecb94f2acdf20238d7a8.js","size":15632},{"name":"17672a353d9fa719cd22f343de547d4a7d1d4f9f-9b1ed0be62e68ed817a7.js","size":27188},{"name":"component---src-pages-index-ru-jsx-bcea90ac9535be0f5964.js","size":1908}],"filteredAssets":0,"assetsSize":936462,"filteredAuxiliaryAssets":98,"auxiliaryAssetsSize":15353034},"component---src-pages-index-ua-jsx":{"name":"component---src-pages-index-ua-jsx","assets":[{"name":"styles.e3b016b29d0a38fefa12.css","size":171931},{"name":"ea88be26-6351b5e1a79338262f60.js","size":279319},{"name":"d02ee3001f6003e5599e234df4b85ef9b60c3b09-16aa58e49d6b69348b89.js","size":15197},{"name":"4e3ef9248c1c5668ced75f02ada7594f172c90d2-2591bd00d60655c4c8ba.js","size":425287},{"name":"738ee0f74d7e84d275222ab7f8541e8d89edb1a3-ecb94f2acdf20238d7a8.js","size":15632},{"name":"14fab13c30c66a6c7e5feb8c2479879d8244bf5d-4d9aed5522e65bfddb61.js","size":27327},{"name":"component---src-pages-index-ua-jsx-74d3baed4969742e20f9.js","size":1907}],"filteredAssets":0,"assetsSize":936600,"filteredAuxiliaryAssets":98,"auxiliaryAssetsSize":15353191},"component---src-templates-article-page-article-page-template-jsx":{"name":"component---src-templates-article-page-article-page-template-jsx","assets":[{"name":"styles.e3b016b29d0a38fefa12.css","size":171931},{"name":"ea88be26-6351b5e1a79338262f60.js","size":279319},{"name":"d02ee3001f6003e5599e234df4b85ef9b60c3b09-16aa58e49d6b69348b89.js","size":15197},{"name":"4e3ef9248c1c5668ced75f02ada7594f172c90d2-2591bd00d60655c4c8ba.js","size":425287},{"name":"14fab13c30c66a6c7e5feb8c2479879d8244bf5d-4d9aed5522e65bfddb61.js","size":27327},{"name":"17672a353d9fa719cd22f343de547d4a7d1d4f9f-9b1ed0be62e68ed817a7.js","size":27188},{"name":"component---src-templates-article-page-article-page-template-jsx-663112ef125f6a303cc3.js","size":17844}],"filteredAssets":0,"assetsSize":964093,"filteredAuxiliaryAssets":74,"auxiliaryAssetsSize":9394777}},"assetsByChunkName":{"polyfill":["webpack-runtime-5e3824e9df0d5d601adc.js","polyfill-f9811c901d1132e72208.js"],"app":["webpack-runtime-5e3824e9df0d5d601adc.js","framework-db48eec28a4fe8dec747.js","app-4bd590d64cd05512206a.js"],"component---src-pages-404-jsx":["component---src-pages-404-jsx-74dd646f856542c3e223.js"],"component---src-pages-index-en-jsx":["styles.e3b016b29d0a38fefa12.css","ea88be26-6351b5e1a79338262f60.js","d02ee3001f6003e5599e234df4b85ef9b60c3b09-16aa58e49d6b69348b89.js","4e3ef9248c1c5668ced75f02ada7594f172c90d2-2591bd00d60655c4c8ba.js","738ee0f74d7e84d275222ab7f8541e8d89edb1a3-ecb94f2acdf20238d7a8.js","component---src-pages-index-en-jsx-e6d2af71327038ab0ca8.js"],"component---src-pages-index-jsx":["styles.e3b016b29d0a38fefa12.css","d02ee3001f6003e5599e234df4b85ef9b60c3b09-16aa58e49d6b69348b89.js","component---src-pages-index-jsx-74d2dace478ba21a1c79.js"],"component---src-pages-index-ru-jsx":["styles.e3b016b29d0a38fefa12.css","ea88be26-6351b5e1a79338262f60.js","d02ee3001f6003e5599e234df4b85ef9b60c3b09-16aa58e49d6b69348b89.js","4e3ef9248c1c5668ced75f02ada7594f172c90d2-2591bd00d60655c4c8ba.js","738ee0f74d7e84d275222ab7f8541e8d89edb1a3-ecb94f2acdf20238d7a8.js","17672a353d9fa719cd22f343de547d4a7d1d4f9f-9b1ed0be62e68ed817a7.js","component---src-pages-index-ru-jsx-bcea90ac9535be0f5964.js"],"component---src-pages-index-ua-jsx":["styles.e3b016b29d0a38fefa12.css","ea88be26-6351b5e1a79338262f60.js","d02ee3001f6003e5599e234df4b85ef9b60c3b09-16aa58e49d6b69348b89.js","4e3ef9248c1c5668ced75f02ada7594f172c90d2-2591bd00d60655c4c8ba.js","738ee0f74d7e84d275222ab7f8541e8d89edb1a3-ecb94f2acdf20238d7a8.js","14fab13c30c66a6c7e5feb8c2479879d8244bf5d-4d9aed5522e65bfddb61.js","component---src-pages-index-ua-jsx-74d3baed4969742e20f9.js"],"component---src-templates-article-page-article-page-template-jsx":["styles.e3b016b29d0a38fefa12.css","ea88be26-6351b5e1a79338262f60.js","d02ee3001f6003e5599e234df4b85ef9b60c3b09-16aa58e49d6b69348b89.js","4e3ef9248c1c5668ced75f02ada7594f172c90d2-2591bd00d60655c4c8ba.js","14fab13c30c66a6c7e5feb8c2479879d8244bf5d-4d9aed5522e65bfddb61.js","17672a353d9fa719cd22f343de547d4a7d1d4f9f-9b1ed0be62e68ed817a7.js","component---src-templates-article-page-article-page-template-jsx-663112ef125f6a303cc3.js"]},"childAssetsByChunkName":{}}