{"polyfill":["/polyfill-f9811c901d1132e72208.js"],"app":["/app-37159b27c31299089b99.js"],"component---src-pages-404-jsx":["/component---src-pages-404-jsx-f201269701709fab6a20.js"],"component---src-pages-index-en-jsx":["/component---src-pages-index-en-jsx-2d18ae1d888759f49fa6.js"],"component---src-pages-index-jsx":["/component---src-pages-index-jsx-ef316845d851cc6d5d6b.js"],"component---src-pages-index-ru-jsx":["/component---src-pages-index-ru-jsx-83d0578fea60fe4ef293.js"],"component---src-pages-index-ua-jsx":["/component---src-pages-index-ua-jsx-144edb0e99a6f09e867a.js"]}