{"name":"build-javascript","namedChunkGroups":{"polyfill":{"name":"polyfill","assets":[{"name":"webpack-runtime-a768469f12570a10af34.js","size":4668},{"name":"polyfill-f9811c901d1132e72208.js","size":85848}],"filteredAssets":0,"assetsSize":90516,"filteredAuxiliaryAssets":2,"auxiliaryAssetsSize":226175},"app":{"name":"app","assets":[{"name":"webpack-runtime-a768469f12570a10af34.js","size":4668},{"name":"framework-528548c62d9a2293f2f7.js","size":140552},{"name":"app-37159b27c31299089b99.js","size":63870}],"filteredAssets":0,"assetsSize":209090,"filteredAuxiliaryAssets":3,"auxiliaryAssetsSize":625798},"component---src-pages-404-jsx":{"name":"component---src-pages-404-jsx","assets":[{"name":"component---src-pages-404-jsx-f201269701709fab6a20.js","size":336}],"filteredAssets":0,"assetsSize":336,"filteredAuxiliaryAssets":1,"auxiliaryAssetsSize":499},"component---src-pages-index-en-jsx":{"name":"component---src-pages-index-en-jsx","assets":[{"name":"styles.95b8bb8ae3f1ff9c2525.css","size":161551},{"name":"ea88be26-6351b5e1a79338262f60.js","size":279319},{"name":"738ee0f74d7e84d275222ab7f8541e8d89edb1a3-a7217d5a0ea2ad137fff.js","size":317198},{"name":"component---src-pages-index-en-jsx-2d18ae1d888759f49fa6.js","size":6736}],"filteredAssets":0,"assetsSize":764804,"filteredAuxiliaryAssets":59,"auxiliaryAssetsSize":12551711},"component---src-pages-index-jsx":{"name":"component---src-pages-index-jsx","assets":[{"name":"styles.95b8bb8ae3f1ff9c2525.css","size":161551},{"name":"component---src-pages-index-jsx-ef316845d851cc6d5d6b.js","size":1057}],"filteredAssets":0,"assetsSize":162608,"filteredAuxiliaryAssets":9,"auxiliaryAssetsSize":133687},"component---src-pages-index-ru-jsx":{"name":"component---src-pages-index-ru-jsx","assets":[{"name":"styles.95b8bb8ae3f1ff9c2525.css","size":161551},{"name":"ea88be26-6351b5e1a79338262f60.js","size":279319},{"name":"738ee0f74d7e84d275222ab7f8541e8d89edb1a3-a7217d5a0ea2ad137fff.js","size":317198},{"name":"component---src-pages-index-ru-jsx-83d0578fea60fe4ef293.js","size":28273}],"filteredAssets":0,"assetsSize":786341,"filteredAuxiliaryAssets":59,"auxiliaryAssetsSize":12573530},"component---src-pages-index-ua-jsx":{"name":"component---src-pages-index-ua-jsx","assets":[{"name":"styles.95b8bb8ae3f1ff9c2525.css","size":161551},{"name":"ea88be26-6351b5e1a79338262f60.js","size":279319},{"name":"738ee0f74d7e84d275222ab7f8541e8d89edb1a3-a7217d5a0ea2ad137fff.js","size":317198},{"name":"component---src-pages-index-ua-jsx-144edb0e99a6f09e867a.js","size":28510}],"filteredAssets":0,"assetsSize":786578,"filteredAuxiliaryAssets":59,"auxiliaryAssetsSize":12573781}},"assetsByChunkName":{"polyfill":["webpack-runtime-a768469f12570a10af34.js","polyfill-f9811c901d1132e72208.js"],"app":["webpack-runtime-a768469f12570a10af34.js","framework-528548c62d9a2293f2f7.js","app-37159b27c31299089b99.js"],"component---src-pages-404-jsx":["component---src-pages-404-jsx-f201269701709fab6a20.js"],"component---src-pages-index-en-jsx":["styles.95b8bb8ae3f1ff9c2525.css","ea88be26-6351b5e1a79338262f60.js","738ee0f74d7e84d275222ab7f8541e8d89edb1a3-a7217d5a0ea2ad137fff.js","component---src-pages-index-en-jsx-2d18ae1d888759f49fa6.js"],"component---src-pages-index-jsx":["styles.95b8bb8ae3f1ff9c2525.css","component---src-pages-index-jsx-ef316845d851cc6d5d6b.js"],"component---src-pages-index-ru-jsx":["styles.95b8bb8ae3f1ff9c2525.css","ea88be26-6351b5e1a79338262f60.js","738ee0f74d7e84d275222ab7f8541e8d89edb1a3-a7217d5a0ea2ad137fff.js","component---src-pages-index-ru-jsx-83d0578fea60fe4ef293.js"],"component---src-pages-index-ua-jsx":["styles.95b8bb8ae3f1ff9c2525.css","ea88be26-6351b5e1a79338262f60.js","738ee0f74d7e84d275222ab7f8541e8d89edb1a3-a7217d5a0ea2ad137fff.js","component---src-pages-index-ua-jsx-144edb0e99a6f09e867a.js"]},"childAssetsByChunkName":{}}